{
  "nodes": [
    {
      "id": 1754501167289.45,
      "x": 1060,
      "y": 464.5999984741211,
      "label": "window close event",
      "color": "#3b82f6",
      "radius": 20,
      "category": "event"
    },
    {
      "id": 1754501168335.4917,
      "x": 1203.1818181818182,
      "y": 403.05454392866653,
      "label": "window-all-closed",
      "color": "#3b82f6",
      "radius": 20,
      "category": "name"
    }
  ],
  "edges": [
    {
      "id": 1754501503095.687,
      "from": 1754501168335.4917,
      "to": 1754501167289.45,
      "weight": 1,
      "category": null
    }
  ],
  "scale": 1.1859210000000004,
  "offset": {
    "x": -453,
    "y": -32
  }
}